{
  "anchors": [
    3.47,
    3.03,
    6.06,
    4.81,
    4.06,
    4.56,
    5.06,
    5.31,
    5.16,
    3.81
  ],
  "inputs": {
    "input0": [
      224,
      224,
      3
    ]
  },
  "outputs": {
    "output0": [
      7,
      7,
      35
    ]
  },
  "params_quantity": 13469515,
  "loss": [
    [
      1,
      12.88125
    ],
    [
      2,
      4.15456
    ],
    [
      3,
      3.86154
    ],
    [
      4,
      3.37004
    ],
    [
      5,
      2.99208
    ],
    [
      6,
      2.60713
    ],
    [
      7,
      2.39223
    ],
    [
      8,
      2.21936
    ],
    [
      9,
      2.1464
    ],
    [
      10,
      2.07214
    ],
    [
      11,
      1.99125
    ],
    [
      12,
      1.89146
    ],
    [
      13,
      1.85976
    ],
    [
      14,
      1.83661
    ],
    [
      15,
      1.80617
    ],
    [
      16,
      1.78133
    ],
    [
      17,
      1.77483
    ],
    [
      18,
      1.76664
    ],
    [
      19,
      1.72828
    ],
    [
      20,
      1.72004
    ],
    [
      21,
      1.70586
    ],
    [
      22,
      1.68669
    ],
    [
      23,
      1.71236
    ],
    [
      24,
      1.67555
    ],
    [
      25,
      1.66851
    ],
    [
      26,
      1.68762
    ],
    [
      27,
      1.67556
    ],
    [
      28,
      1.71267
    ],
    [
      29,
      1.6843
    ],
    [
      30,
      1.67637
    ],
    [
      31,
      1.66031
    ],
    [
      32,
      1.66862
    ],
    [
      33,
      1.65719
    ],
    [
      34,
      1.66889
    ],
    [
      35,
      1.67313
    ],
    [
      36,
      1.66423
    ],
    [
      37,
      1.66048
    ],
    [
      38,
      1.65468
    ],
    [
      39,
      1.65417
    ],
    [
      40,
      1.65374
    ],
    [
      41,
      1.66423
    ],
    [
      42,
      1.65214
    ],
    [
      43,
      1.65852
    ],
    [
      44,
      1.67168
    ],
    [
      45,
      1.67859
    ],
    [
      46,
      1.66385
    ],
    [
      47,
      1.66741
    ],
    [
      48,
      1.65331
    ],
    [
      49,
      1.6465
    ],
    [
      50,
      1.65552
    ],
    [
      51,
      1.63734
    ],
    [
      52,
      1.63868
    ],
    [
      53,
      1.65176
    ],
    [
      54,
      1.66547
    ],
    [
      55,
      1.64242
    ],
    [
      56,
      1.66172
    ],
    [
      57,
      1.67223
    ],
    [
      58,
      1.64112
    ],
    [
      59,
      1.66151
    ],
    [
      60,
      1.66853
    ],
    [
      61,
      1.66778
    ],
    [
      62,
      1.66701
    ],
    [
      63,
      1.65086
    ],
    [
      64,
      1.67697
    ],
    [
      65,
      1.65523
    ],
    [
      66,
      1.65559
    ],
    [
      67,
      1.64341
    ],
    [
      68,
      1.64901
    ],
    [
      69,
      1.65554
    ],
    [
      70,
      1.65273
    ],
    [
      71,
      1.6547
    ],
    [
      72,
      1.64373
    ],
    [
      73,
      1.62764
    ],
    [
      74,
      1.63441
    ],
    [
      75,
      1.66989
    ],
    [
      76,
      1.6303
    ],
    [
      77,
      1.63319
    ],
    [
      78,
      1.63589
    ],
    [
      79,
      1.66921
    ],
    [
      80,
      1.67222
    ],
    [
      81,
      1.68817
    ],
    [
      82,
      1.66746
    ],
    [
      83,
      1.63769
    ],
    [
      84,
      1.61716
    ],
    [
      85,
      1.6447
    ],
    [
      86,
      1.64788
    ],
    [
      87,
      1.65165
    ],
    [
      88,
      1.65024
    ],
    [
      89,
      1.65795
    ],
    [
      90,
      1.64664
    ],
    [
      91,
      1.62872
    ],
    [
      92,
      1.65198
    ],
    [
      93,
      1.63516
    ],
    [
      94,
      1.65483
    ],
    [
      95,
      1.64129
    ],
    [
      96,
      1.63406
    ],
    [
      97,
      1.63027
    ],
    [
      98,
      1.65298
    ],
    [
      99,
      1.63672
    ],
    [
      100,
      1.648
    ]
  ],
  "loss_conf": [
    [
      1,
      9.75778
    ],
    [
      2,
      1.52886
    ],
    [
      3,
      1.59337
    ],
    [
      4,
      1.19766
    ],
    [
      5,
      0.88308
    ],
    [
      6,
      0.5669
    ],
    [
      7,
      0.39478
    ],
    [
      8,
      0.29746
    ],
    [
      9,
      0.24338
    ],
    [
      10,
      0.2104
    ],
    [
      11,
      0.18119
    ],
    [
      12,
      0.11449
    ],
    [
      13,
      0.11114
    ],
    [
      14,
      0.10632
    ],
    [
      15,
      0.09261
    ],
    [
      16,
      0.09793
    ],
    [
      17,
      0.08574
    ],
    [
      18,
      0.08046
    ],
    [
      19,
      0.07076
    ],
    [
      20,
      0.06874
    ],
    [
      21,
      0.06552
    ],
    [
      22,
      0.05082
    ],
    [
      23,
      0.07351
    ],
    [
      24,
      0.03916
    ],
    [
      25,
      0.03974
    ],
    [
      26,
      0.05034
    ],
    [
      27,
      0.04568
    ],
    [
      28,
      0.07257
    ],
    [
      29,
      0.04208
    ],
    [
      30,
      0.03991
    ],
    [
      31,
      0.03634
    ],
    [
      32,
      0.03244
    ],
    [
      33,
      0.03427
    ],
    [
      34,
      0.0312
    ],
    [
      35,
      0.03461
    ],
    [
      36,
      0.03102
    ],
    [
      37,
      0.03163
    ],
    [
      38,
      0.02732
    ],
    [
      39,
      0.03184
    ],
    [
      40,
      0.02816
    ],
    [
      41,
      0.03507
    ],
    [
      42,
      0.03272
    ],
    [
      43,
      0.03092
    ],
    [
      44,
      0.03407
    ],
    [
      45,
      0.02994
    ],
    [
      46,
      0.03346
    ],
    [
      47,
      0.03586
    ],
    [
      48,
      0.03114
    ],
    [
      49,
      0.03222
    ],
    [
      50,
      0.0304
    ],
    [
      51,
      0.02749
    ],
    [
      52,
      0.02738
    ],
    [
      53,
      0.02961
    ],
    [
      54,
      0.02992
    ],
    [
      55,
      0.02779
    ],
    [
      56,
      0.03116
    ],
    [
      57,
      0.03276
    ],
    [
      58,
      0.03118
    ],
    [
      59,
      0.02942
    ],
    [
      60,
      0.035
    ],
    [
      61,
      0.03486
    ],
    [
      62,
      0.02992
    ],
    [
      63,
      0.03247
    ],
    [
      64,
      0.03306
    ],
    [
      65,
      0.03449
    ],
    [
      66,
      0.03369
    ],
    [
      67,
      0.0312
    ],
    [
      68,
      0.0356
    ],
    [
      69,
      0.03107
    ],
    [
      70,
      0.03019
    ],
    [
      71,
      0.02961
    ],
    [
      72,
      0.02699
    ],
    [
      73,
      0.02621
    ],
    [
      74,
      0.02954
    ],
    [
      75,
      0.02645
    ],
    [
      76,
      0.02578
    ],
    [
      77,
      0.02643
    ],
    [
      78,
      0.02688
    ],
    [
      79,
      0.038
    ],
    [
      80,
      0.04463
    ],
    [
      81,
      0.04161
    ],
    [
      82,
      0.0323
    ],
    [
      83,
      0.0291
    ],
    [
      84,
      0.02978
    ],
    [
      85,
      0.02799
    ],
    [
      86,
      0.02564
    ],
    [
      87,
      0.02806
    ],
    [
      88,
      0.03036
    ],
    [
      89,
      0.03075
    ],
    [
      90,
      0.02882
    ],
    [
      91,
      0.03191
    ],
    [
      92,
      0.02822
    ],
    [
      93,
      0.03043
    ],
    [
      94,
      0.03009
    ],
    [
      95,
      0.02841
    ],
    [
      96,
      0.03006
    ],
    [
      97,
      0.02678
    ],
    [
      98,
      0.02842
    ],
    [
      99,
      0.02883
    ],
    [
      100,
      0.02771
    ]
  ],
  "loss_pos": [
    [
      1,
      2.71158
    ],
    [
      2,
      2.45487
    ],
    [
      3,
      2.11422
    ],
    [
      4,
      2.04512
    ],
    [
      5,
      2.00465
    ],
    [
      6,
      1.95725
    ],
    [
      7,
      1.92871
    ],
    [
      8,
      1.87097
    ],
    [
      9,
      1.85786
    ],
    [
      10,
      1.81699
    ],
    [
      11,
      1.77757
    ],
    [
      12,
      1.75002
    ],
    [
      13,
      1.72481
    ],
    [
      14,
      1.71023
    ],
    [
      15,
      1.69488
    ],
    [
      16,
      1.66658
    ],
    [
      17,
      1.67438
    ],
    [
      18,
      1.66898
    ],
    [
      19,
      1.64652
    ],
    [
      20,
      1.64151
    ],
    [
      21,
      1.6312
    ],
    [
      22,
      1.62681
    ],
    [
      23,
      1.63098
    ],
    [
      24,
      1.62928
    ],
    [
      25,
      1.6219
    ],
    [
      26,
      1.63101
    ],
    [
      27,
      1.62343
    ],
    [
      28,
      1.63445
    ],
    [
      29,
      1.63704
    ],
    [
      30,
      1.63178
    ],
    [
      31,
      1.61862
    ],
    [
      32,
      1.63101
    ],
    [
      33,
      1.6181
    ],
    [
      34,
      1.63411
    ],
    [
      35,
      1.63348
    ],
    [
      36,
      1.62977
    ],
    [
      37,
      1.62538
    ],
    [
      38,
      1.62366
    ],
    [
      39,
      1.61854
    ],
    [
      40,
      1.622
    ],
    [
      41,
      1.62611
    ],
    [
      42,
      1.61638
    ],
    [
      43,
      1.6249
    ],
    [
      44,
      1.6349
    ],
    [
      45,
      1.64567
    ],
    [
      46,
      1.6274
    ],
    [
      47,
      1.6292
    ],
    [
      48,
      1.61944
    ],
    [
      49,
      1.61202
    ],
    [
      50,
      1.62275
    ],
    [
      51,
      1.6076
    ],
    [
      52,
      1.60904
    ],
    [
      53,
      1.61975
    ],
    [
      54,
      1.63341
    ],
    [
      55,
      1.61232
    ],
    [
      56,
      1.62854
    ],
    [
      57,
      1.63719
    ],
    [
      58,
      1.60778
    ],
    [
      59,
      1.63013
    ],
    [
      60,
      1.63159
    ],
    [
      61,
      1.63109
    ],
    [
      62,
      1.63533
    ],
    [
      63,
      1.61653
    ],
    [
      64,
      1.63987
    ],
    [
      65,
      1.61874
    ],
    [
      66,
      1.62014
    ],
    [
      67,
      1.61048
    ],
    [
      68,
      1.61171
    ],
    [
      69,
      1.62286
    ],
    [
      70,
      1.62068
    ],
    [
      71,
      1.62346
    ],
    [
      72,
      1.61526
    ],
    [
      73,
      1.59993
    ],
    [
      74,
      1.60343
    ],
    [
      75,
      1.64198
    ],
    [
      76,
      1.6031
    ],
    [
      77,
      1.60493
    ],
    [
      78,
      1.6075
    ],
    [
      79,
      1.62945
    ],
    [
      80,
      1.62604
    ],
    [
      81,
      1.64508
    ],
    [
      82,
      1.63352
    ],
    [
      83,
      1.60708
    ],
    [
      84,
      1.58555
    ],
    [
      85,
      1.61503
    ],
    [
      86,
      1.6208
    ],
    [
      87,
      1.62225
    ],
    [
      88,
      1.61829
    ],
    [
      89,
      1.62601
    ],
    [
      90,
      1.61654
    ],
    [
      91,
      1.59543
    ],
    [
      92,
      1.6224
    ],
    [
      93,
      1.60344
    ],
    [
      94,
      1.6235
    ],
    [
      95,
      1.61173
    ],
    [
      96,
      1.60284
    ],
    [
      97,
      1.60221
    ],
    [
      98,
      1.62332
    ],
    [
      99,
      1.60651
    ],
    [
      100,
      1.61926
    ]
  ],
  "loss_class": [
    [
      1,
      0.41189
    ],
    [
      2,
      0.17083
    ],
    [
      3,
      0.15395
    ],
    [
      4,
      0.12727
    ],
    [
      5,
      0.10436
    ],
    [
      6,
      0.08297
    ],
    [
      7,
      0.06874
    ],
    [
      8,
      0.05092
    ],
    [
      9,
      0.04515
    ],
    [
      10,
      0.04475
    ],
    [
      11,
      0.0325
    ],
    [
      12,
      0.02694
    ],
    [
      13,
      0.02381
    ],
    [
      14,
      0.02006
    ],
    [
      15,
      0.01868
    ],
    [
      16,
      0.01681
    ],
    [
      17,
      0.01471
    ],
    [
      18,
      0.01719
    ],
    [
      19,
      0.011
    ],
    [
      20,
      0.00979
    ],
    [
      21,
      0.00913
    ],
    [
      22,
      0.00906
    ],
    [
      23,
      0.00787
    ],
    [
      24,
      0.00711
    ],
    [
      25,
      0.00687
    ],
    [
      26,
      0.00627
    ],
    [
      27,
      0.00645
    ],
    [
      28,
      0.00564
    ],
    [
      29,
      0.00517
    ],
    [
      30,
      0.00469
    ],
    [
      31,
      0.00536
    ],
    [
      32,
      0.00518
    ],
    [
      33,
      0.00482
    ],
    [
      34,
      0.00358
    ],
    [
      35,
      0.00503
    ],
    [
      36,
      0.00344
    ],
    [
      37,
      0.00347
    ],
    [
      38,
      0.0037
    ],
    [
      39,
      0.00379
    ],
    [
      40,
      0.00359
    ],
    [
      41,
      0.00304
    ],
    [
      42,
      0.00304
    ],
    [
      43,
      0.0027
    ],
    [
      44,
      0.00272
    ],
    [
      45,
      0.00298
    ],
    [
      46,
      0.00299
    ],
    [
      47,
      0.00236
    ],
    [
      48,
      0.00274
    ],
    [
      49,
      0.00226
    ],
    [
      50,
      0.00236
    ],
    [
      51,
      0.00224
    ],
    [
      52,
      0.00226
    ],
    [
      53,
      0.0024
    ],
    [
      54,
      0.00214
    ],
    [
      55,
      0.0023
    ],
    [
      56,
      0.00201
    ],
    [
      57,
      0.00229
    ],
    [
      58,
      0.00217
    ],
    [
      59,
      0.00196
    ],
    [
      60,
      0.00194
    ],
    [
      61,
      0.00184
    ],
    [
      62,
      0.00176
    ],
    [
      63,
      0.00185
    ],
    [
      64,
      0.00404
    ],
    [
      65,
      0.002
    ],
    [
      66,
      0.00177
    ],
    [
      67,
      0.00172
    ],
    [
      68,
      0.0017
    ],
    [
      69,
      0.00161
    ],
    [
      70,
      0.00186
    ],
    [
      71,
      0.00163
    ],
    [
      72,
      0.00148
    ],
    [
      73,
      0.0015
    ],
    [
      74,
      0.00144
    ],
    [
      75,
      0.00147
    ],
    [
      76,
      0.00142
    ],
    [
      77,
      0.00183
    ],
    [
      78,
      0.0015
    ],
    [
      79,
      0.00175
    ],
    [
      80,
      0.00155
    ],
    [
      81,
      0.00148
    ],
    [
      82,
      0.00164
    ],
    [
      83,
      0.00151
    ],
    [
      84,
      0.00184
    ],
    [
      85,
      0.00167
    ],
    [
      86,
      0.00145
    ],
    [
      87,
      0.00134
    ],
    [
      88,
      0.0016
    ],
    [
      89,
      0.00118
    ],
    [
      90,
      0.00129
    ],
    [
      91,
      0.00138
    ],
    [
      92,
      0.00136
    ],
    [
      93,
      0.0013
    ],
    [
      94,
      0.00124
    ],
    [
      95,
      0.00116
    ],
    [
      96,
      0.00116
    ],
    [
      97,
      0.00128
    ],
    [
      98,
      0.00123
    ],
    [
      99,
      0.00139
    ],
    [
      100,
      0.00103
    ]
  ],
  "lr": [
    [
      1,
      0.001
    ],
    [
      2,
      0.00098
    ],
    [
      3,
      0.00095
    ],
    [
      4,
      0.00093
    ],
    [
      5,
      0.00091
    ],
    [
      6,
      0.00089
    ],
    [
      7,
      0.00087
    ],
    [
      8,
      0.00085
    ],
    [
      9,
      0.00083
    ],
    [
      10,
      0.00081
    ],
    [
      11,
      0.00079
    ],
    [
      12,
      0.00078
    ],
    [
      13,
      0.00076
    ],
    [
      14,
      0.00074
    ],
    [
      15,
      0.00072
    ],
    [
      16,
      0.00071
    ],
    [
      17,
      0.00069
    ],
    [
      18,
      0.00068
    ],
    [
      19,
      0.00066
    ],
    [
      20,
      0.00065
    ],
    [
      21,
      0.00063
    ],
    [
      22,
      0.00062
    ],
    [
      23,
      0.0006
    ],
    [
      24,
      0.00059
    ],
    [
      25,
      0.00058
    ],
    [
      26,
      0.00056
    ],
    [
      27,
      0.00055
    ],
    [
      28,
      0.00054
    ],
    [
      29,
      0.00052
    ],
    [
      30,
      0.00051
    ],
    [
      31,
      0.0005
    ],
    [
      32,
      0.00049
    ],
    [
      33,
      0.00048
    ],
    [
      34,
      0.00047
    ],
    [
      35,
      0.00046
    ],
    [
      36,
      0.00045
    ],
    [
      37,
      0.00044
    ],
    [
      38,
      0.00043
    ],
    [
      39,
      0.00042
    ],
    [
      40,
      0.00041
    ],
    [
      41,
      0.0004
    ],
    [
      42,
      0.00039
    ],
    [
      43,
      0.00038
    ],
    [
      44,
      0.00037
    ],
    [
      45,
      0.00036
    ],
    [
      46,
      0.00035
    ],
    [
      47,
      0.00035
    ],
    [
      48,
      0.00034
    ],
    [
      49,
      0.00033
    ],
    [
      50,
      0.00032
    ],
    [
      51,
      0.00032
    ],
    [
      52,
      0.00031
    ],
    [
      53,
      0.0003
    ],
    [
      54,
      0.0003
    ],
    [
      55,
      0.00029
    ],
    [
      56,
      0.00028
    ],
    [
      57,
      0.00028
    ],
    [
      58,
      0.00027
    ],
    [
      59,
      0.00026
    ],
    [
      60,
      0.00026
    ],
    [
      61,
      0.00025
    ],
    [
      62,
      0.00025
    ],
    [
      63,
      0.00024
    ],
    [
      64,
      0.00023
    ],
    [
      65,
      0.00023
    ],
    [
      66,
      0.00022
    ],
    [
      67,
      0.00022
    ],
    [
      68,
      0.00021
    ],
    [
      69,
      0.00021
    ],
    [
      70,
      0.0002
    ],
    [
      71,
      0.0002
    ],
    [
      72,
      0.00019
    ],
    [
      73,
      0.00019
    ],
    [
      74,
      0.00019
    ],
    [
      75,
      0.00018
    ],
    [
      76,
      0.00018
    ],
    [
      77,
      0.00017
    ],
    [
      78,
      0.00017
    ],
    [
      79,
      0.00017
    ],
    [
      80,
      0.00016
    ],
    [
      81,
      0.00016
    ],
    [
      82,
      0.00015
    ],
    [
      83,
      0.00015
    ],
    [
      84,
      0.00015
    ],
    [
      85,
      0.00014
    ],
    [
      86,
      0.00014
    ],
    [
      87,
      0.00014
    ],
    [
      88,
      0.00013
    ],
    [
      89,
      0.00013
    ],
    [
      90,
      0.00013
    ],
    [
      91,
      0.00013
    ],
    [
      92,
      0.00012
    ],
    [
      93,
      0.00012
    ],
    [
      94,
      0.00012
    ],
    [
      95,
      0.00011
    ],
    [
      96,
      0.00011
    ],
    [
      97,
      0.00011
    ],
    [
      98,
      0.00011
    ],
    [
      99,
      0.0001
    ],
    [
      100,
      0.0001
    ]
  ],
  "val_acc": [
    [
      10,
      0.94318
    ],
    [
      20,
      0.93182
    ],
    [
      30,
      1.0
    ],
    [
      40,
      0.94318
    ],
    [
      50,
      0.94318
    ],
    [
      60,
      0.94318
    ],
    [
      70,
      0.94318
    ],
    [
      80,
      0.94318
    ],
    [
      90,
      0.94318
    ],
    [
      100,
      1.0
    ]
  ],
  "val_acc_yd": [
    [
      10,
      0.88636
    ],
    [
      20,
      0.86364
    ],
    [
      30,
      1.0
    ],
    [
      40,
      0.88636
    ],
    [
      50,
      0.88636
    ],
    [
      60,
      0.88636
    ],
    [
      70,
      0.88636
    ],
    [
      80,
      0.88636
    ],
    [
      90,
      0.88636
    ],
    [
      100,
      1.0
    ]
  ],
  "val_acc_wd": [
    [
      10,
      1.0
    ],
    [
      20,
      1.0
    ],
    [
      30,
      1.0
    ],
    [
      40,
      1.0
    ],
    [
      50,
      1.0
    ],
    [
      60,
      1.0
    ],
    [
      70,
      1.0
    ],
    [
      80,
      1.0
    ],
    [
      90,
      1.0
    ],
    [
      100,
      1.0
    ]
  ],
  "mean": 123.5,
  "std": 58.395,
  "label_type": "detection",
  "data_type": "image",
  "labels": [
    "yd",
    "wd"
  ],
  "best_eval": {
    "epoch": 100,
    "val_acc": 1.0,
    "val_info": [
      {
        "name": "0b5b6082002748228acd83fde5c5e1f3.jpg",
        "nickname": "337.jpg",
        "pred": [
          [
            15,
            66,
            207,
            200,
            0.9431492686271667,
            1.0
          ]
        ],
        "gt": [
          [
            10,
            70,
            215,
            203,
            1.0,
            1.0
          ]
        ],
        "ok": true
      },
      {
        "name": "575b96565ede45a89624423bf7c833a5.jpg",
        "nickname": "161.jpg",
        "pred": [
          [
            90,
            6,
            222,
            153,
            0.9612329602241516,
            0.0
          ]
        ],
        "gt": [
          [
            87,
            9,
            223,
            167,
            1.0,
            0.0
          ]
        ],
        "ok": true
      },
      {
        "name": "c10e8fef803e4b008613220ed7ae355b.jpg",
        "nickname": "335.jpg",
        "pred": [
          [
            72,
            33,
            173,
            187,
            0.9624558687210083,
            1.0
          ]
        ],
        "gt": [
          [
            54,
            26,
            182,
            209,
            1.0,
            1.0
          ]
        ],
        "ok": true
      },
      {
        "name": "9dbc0df23aa840d59d3cd00dbd41ada4.jpg",
        "nickname": "25.jpg",
        "pred": [
          [
            32,
            104,
            135,
            186,
            0.960607647895813,
            0.0
          ]
        ],
        "gt": [
          [
            26,
            98,
            142,
            193,
            1.0,
            0.0
          ]
        ],
        "ok": true
      },
      {
        "name": "99050d76db55401082fb0f3e8cb2ee4e.jpg",
        "nickname": "29.jpg",
        "pred": [
          [
            74,
            69,
            205,
            153,
            0.9610295295715332,
            0.0
          ]
        ],
        "gt": [
          [
            79,
            62,
            197,
            187,
            1.0,
            0.0
          ]
        ],
        "ok": true
      },
      {
        "name": "0f0f6913ef424fa8a177173d117c81be.jpg",
        "nickname": "336.jpg",
        "pred": [
          [
            42,
            42,
            216,
            163,
            0.9412064552307129,
            1.0
          ]
        ],
        "gt": [
          [
            39,
            42,
            216,
            169,
            1.0,
            1.0
          ]
        ],
        "ok": true
      }
    ]
  }
}